focal_district,district
Adilabad,Yavatmal
Adilabad,Chandrapur
Adilabad,Nizamabad
Adilabad,Karimnagar
Agra,Mathura
Agra,Dhaulpur
Agra,Firozabad
Agra,Bharatpur
Agra,Pakistan
Ahmedabad,Mahesana
Ahmedabad,Sabarkantha
Ahmedabad,Gandhinagar
Ahmedabad,Kheda
Ahmedabad,Bhavnagar
Ahmedabad,Surendranagar
Ahmednagar,Solapur
Ahmednagar,Osmanabad
Ahmednagar,Bid
Ahmednagar,"Gaya, Nawada, and Aurangabad"
Ahmednagar,Nashik
Ahmednagar,Thane
Ahmednagar,Pune
Ajmer,Tonk
Ajmer,Bundi
Ajmer,Jaipur
Ajmer,Bhilwara
Ajmer,Pali
Ajmer,Rajsamand
Ajmer,Nagaur
Akola,Amravati
Akola,Washim
Akola,Buldhana
Alappuzha,Ernakulam
Alappuzha,Kottayam
Alappuzha,Pathanamthitta
Alappuzha,Kollam
Aligarh,Gautam Buddh Nagar
Aligarh,Bulandshahr
Aligarh,Budaun
Aligarh,Faridabad Kanshiram Nagar
Aligarh,Mathura
Aligarh,Mahamaya Nagar
Aligarh,Etah
Allahabad,Kaushambi
Allahabad,Mizrapur
Allahabad,Jaunpur
Allahabad,Partapgarh
Allahabad,Chitrakut
Allahabad,Rewa
Allahabad,Sidhi
Almora,Chamoli
Almora,Bageshwar
Almora,Pithoragarh
Almora,Champawat
Almora,Nainital
Almora,Pauri Garhwal
Alwar,Mahendragarh
Alwar,Rewari
Alwar,Mewat
Alwar,Jaipur
Alwar,Dausa
Alwar,Bharatpur
Ambala,Haryana
Ambala,Punjab
Ambala,Delhi
Ambala,Chandigarh
Ambala,Amritsar
Ambala,Shimla
Ambedkar Nagar,Faizabad
Ambedkar Nagar,Basti
Ambedkar Nagar,Sultanpur
Ambedkar Nagar,Sant Kabir Nagar
Ambedkar Nagar,Gorakhpur
Ambedkar Nagar,Azamgarh
Amravati,Betul
Amravati,Wardha
Amravati,Nagpur And Wardha
Amravati,Washim
Amravati,Hingoli
Amravati,Chandrapur
Amravati,Yavatmal
Amravati,Nanded
Amravati,Adilabad
Amreli,Rajkot
Amreli,Junagadh
Amreli,Bhavnagar
Amritsar,Firozpur
Amritsar,Kapurthala
Amritsar,Gurdaspur
Amritsar,Pakistan
Anand,Kheda
Anand,Vadodara
Anand,Ahmedabad
Anand,Cambay
Anantapur,Bellary
Anantapur,Cuddapah
Anantapur,Chittoor
Anantapur,Kurnool
Anantapur,Chitradurga
Anantapur,Tumkur
Anantnag,Srinagar
Anantnag,Ganderbal
Anantnag,Kargil
Anantnag,Pulwama
Anantnag,Kulgam
Anantnag,Kishtwar
Anantnag,Ramban
Anantnag,Doda
Angul,Dhenkanal
Angul,Boudh
Angul,Cuttack
Angul,Sambalpur
Angul,Kendujhar
Angul,Debagarh
Araria,Supaul
Araria,Madhepura
Araria,Purnia and Katihar
Araria,Kishanganj
Azamgarh,Mau
Azamgarh,Gorakhpur
Azamgarh,Ghazipur
Azamgarh,Jaunpur
Azamgarh,Sultanpur
Azamgarh,Ambedkar Nagar
Bagalkot,Belgaum
Bagalkot,Bijapur
Bagalkot,Koppal
Bagalkot,Gadag
Bagalkot,Raichur
Baghpat,Muzaffarnagar
Baghpat,Panipat
Baghpat,Sonipat
Baghpat,North West Delhi
Baghpat,Ghaziabad
Baghpat,Meerut
Bahraich,Bardiya
Bahraich,Banke
Bahraich,Lakhimpur
Bahraich,Sitapur
Bahraich,Hardoi
Bahraich,Gonda
Bahraich,Shravasti
Bahraich,Nepal
Balaghat,Dindori
Balaghat,Rajnandgaon
Balaghat,Gondia
Balaghat,Bhandara
Balaghat,Seoni
Balangir,Sonapur
Balangir,Nuapara
Balangir,Kalahandi
Balangir,Bargarh
Balasore,Midnapore
Balasore,Bhadrak
Balasore,Mayurbhanj
Balasore,Keonjhar
Ballia,Salempur
Ballia,Azamgarh
Ballia,Ghazipur
Ballia,Varanasi
Balrampur,Shrawasti
Balrampur,Gonda
Balrampur,Siddharthnagar
Balrampur,Nepal
Banaskantha,Rajasthan
Banaskantha,Sabarkantha
Banaskantha,Kachchh
Banaskantha,Patan
Banaskantha,Mahesana
Banda,"Kangra, Hamirpur, and Una"
Banda,Girwan
Banda,Fatehpur
Banda,Chitrakut
Bangalore,Bangalore
Bangalore,Kolar
Bangalore,Tumkur
Bangalore,Mandya
Bangalore,Chamrajnagar
Bangalore,Bangalore
Banka,Bihar
Banka,Bhagalpur
Banka,Rampurhat
Banka,Haora
Banswara,Udaipur
Banswara,Dungarpur
Banswara,Partabgarh
Banswara,Ratlam
Banswara,Jhabua
Baramulla,Punch
Baramulla,Budgam
Baramulla,Srinagar
Baramulla,Kupwara
Baramulla,Ganderbal
Baramulla,Bandipur
Bardhaman,Hooghly
Bardhaman,Purulia
Bardhaman,Bankura
Bardhaman,Hooghly
Bardhaman,Purulia
Bardhaman,West Midnapore
Bardhaman,Birbhum
Bardhaman,Nadia And Murshidabad
Bareilly,Pilibhit
Bareilly,Shahjahanpur
Bareilly,Rampur
Bareilly,Badaun
Bargarh,Jharsuguda
Bargarh,Sambalpur
Bargarh,Sonapur
Bargarh,Bolangir
Bargarh,Nuapada
Bargarh,Mahasamund
Bargarh,Raigarh
Barmer,Pakistan
Barmer,Jaisalmer
Barmer,Jalore
Barmer,Pali
Barmer,Jodhpur
Barmer,Banaskantha
Barpeta,Bhutan
Barpeta,Nalbari
Barpeta,Kamrup Metropolitan
Barpeta,Goalpara
Barpeta,Bongaigaon
Bastar,Rajnandgaon
Bastar,Kondagaon
Bastar,Nabarangpur
Bastar,Koraput
Bastar,Dantewada
Basti,Sant Kabir Nagar
Basti,Gonda
Basti,Faizabad
Basti,Ambedkar Nagar
Basti,Siddharthnagar
Bathinda,Faridkot
Bathinda,Mukatsar
Bathinda,Barnala
Bathinda,Mansa
Bathinda,Moga
Bathinda,Sangrur
Bathinda,Sirsa
Bid,Jalna
Bid,Parbhani
Bid,Osmanabad
Bid,Ahmednagar
Begusarai,"Darbhanga, Samastipur, and Madhubani"
Begusarai,Khagaria
Begusarai,Patna and Nalanda
Begusarai,Lakhisarai
Begusarai,Munger
Belgaum,Maharashtra
Belgaum,Bagalkot
Belgaum,Bijapur
Belgaum,Gadag
Belgaum,Dharawad
Bellary,Raichur
Bellary,Koppal
Bellary,Chitradurga
Bellary,Davangere
Bellary,Anantapur
Bellary,Kurnool
Betul,Hoshangabad
Betul,Amaroti
Betul,Chhindwara
Betul,East Nimar
Betul,Amaroti
Khaimur (Bhabua),Bhojpur and Rohtas
Khaimur (Bhabua),Bhojpur and Rohtas
Khaimur (Bhabua),Ghazipur
Khaimur (Bhabua),Chandauli
Bhadrak,Jajpur
Bhadrak,Kendrapara
Bhadrak,Baleshwar
Bhadrak,Kendujhargarh
Bhagalpur,Purnia and Katihar
Bhagalpur,Banka
Bhagalpur,Munger
Bhagalpur,Khagaria
Bhagalpur,Purnia and Katihar
Bhagalpur,Madhepura
Bhandara,Balaghat
Bhandara,Nagpur
Bhandara,Chandrapur
Bhandara,Gondia
Bharatpur,Rewari
Bharatpur,Gurgaon and Faridabad
Bharatpur,Mathura
Bharatpur,Agra
Bharatpur,Dhaulpur
Bharatpur,Karauli
Bharatpur,Dausa
Bharatpur,Alwar
Bharuch,Narmada
Bharuch,Surat and Valsad
Bharuch,Surat and Valsad
Bharuch,Narmada
Bharuch,Vadodara
Bharuch,Vadodara
Bharuch,Anand
Bhavnagar,Ahmedabad
Bhavnagar,Surendranagar
Bhavnagar,Rajkot
Bhavnagar,Amreli
Bhilwara,Ajmer
Bhilwara,Rajsamand
Bhilwara,Chittorgarh
Bhilwara,Bundi
Bhilwara,Tonk
Bhimnagar,Bahjoi
Bhimnagar,Chandausi Tehsil
Bhimnagar,Moradabad
Bhiwani,Hisar
Bhiwani,Hanumangarh
Bhiwani,Churu
Bhiwani,Jhunjhunu
Bhiwani,Mahendragarh
Bhiwani,Rewari
Bhiwani,Jhajjar
Bhiwani,Rohtak
Bhojpur and Rohtas,"Saran, Siwan, and Gopalganj"
Bhojpur and Rohtas,Patna and Nalanda
Bhojpur and Rohtas,Balia
Bhojpur and Rohtas,"Darbhanga, Samastipur, and Madhubani"
Bhojpur and Rohtas,Bhojpur and Rohtas
Bhojpur and Rohtas,"Saran, Siwan, and Gopalganj"
Bhojpur and Rohtas,Buxar
Bhojpur and Rohtas,"Muzaffarpur, Sitamhari, and Vaishali"
Bhojpur and Rohtas,Patna and Nalanda
Bhojpur and Rohtas,Munger
Bhojpur and Rohtas,Jahanabad
Bhojpur and Rohtas,Jahanabad
Bhojpur and Rohtas,Arwal
Bidar,Gulbarga
Bijapur,Gulbargah
Bijapur,Yadgir
Bijapur,Raichur
Bijapur,Bagalkot
Bijapur,Belgaum
Bijapur,Sangli
Bijapur,Solapur
Bikaner,Ganganagar
Bikaner,Hanumangarh
Bikaner,Churu
Bikaner,Nagaur
Bikaner,Jodhpur
Bikaner,Jaisalmer
Bikaner,Pakistan
Bilaspur,Loriya
Bilaspur,Korba
Bilaspur,Janjgir-Champa
Bilaspur,Raipur
Bilaspur,Durg
Bilaspur,Kawardha
Bilaspur,Shahdol
Birbhum,Bardhaman
Birbhum,Murshidabad
Birbhum,Dumka
Birbhum,Pakaur
Birbhum,Jamtara
Budaun,Bareilly
Budaun,Moradabad
Budaun,Bulandshahr
Budaun,Aligarh
Budaun,Kanshiram Nagar
Budaun,Shahjahanpur
Bulandshahr,Aligarh
Bulandshahr,Gautam Budh Nagar
Bulandshahr,Ghaziabad
Buldhana,Akola
Buldhana,Washim
Buldhana,Amravati
Buldhana,Jalgaon
Buldhana,"Gaya, Nawada, and Aurangabad"
Buldhana,Jalna
Central Delhi,Haryana
Central Delhi,Rajasthan
Central Delhi,Uttar Pradesh
Central Delhi,Punjab
Chail,Chir Pine
Chail,Deodars
Chamba,"Kangra, Hamirpur, and Una"
Chamba,Lahul & Spiti
Chamba,Doda
Chamba,Kishtwar
Chamba,Kathua
Chamba,Gurdaspur
Chandauli,Bihar
Chandauli,Ghazipur District
Chandauli,Sonbhadhra
Chandauli,Mirzapur
Chandrapur,Nagpur
Chandrapur,Wardha
Chandrapur,Yavatmal
Chandrapur,Adilabad
Chandrapur,Gadchiroli
Chandrapur,Bhandara
Chatra,Palamu
Chatra,Latehar
Chatra,Ranchi
Chatra,Hazaribagh
Chatra,"Gaya, Nawada, and Aurangabad"
Chennai,Thiruvallur
Chennai,Kanchipuram
Chhatarpur,Panna
Chhatarpur,Damoh
Chhatarpur,Sagar
Chhatarpur,Tikamgarh
Chhatrapati Shahuji Maharaj Nagar,Faizabad
Chhatrapati Shahuji Maharaj Nagar,Sultanpur
Chhatrapati Shahuji Maharaj Nagar,Amethi
Chhatrapati Shahuji Maharaj Nagar,Gauriganj
Chhatrapati Shahuji Maharaj Nagar,Musafirkhana
Chhatrapati Shahuji Maharaj Nagar,Raebareli
Chhindwara,Nagpur
Chhindwara,Hoshangabad
Chhindwara,Narsinghpur
Chhindwara,Betul
Chhindwara,Seoni
Chikballapur,Bangalore
Chikballapur,Tumkur
Chikballapur,Kolar
Chikkamagaluru,Kadur
Chikkamagaluru,Tarikere
Chikkamagaluru,Mudigere
Chikkamagaluru,Shringeri
Chikkamagaluru,Koppa
Chikkamagaluru,Narasimharajapura
Chingleput,Kanchipuram
Chingleput,Thiruvallur
Chingleput,Chennai
Chitradurga,Tumkur
Chitradurga,Chikkamagaluru
Chitradurga,Davangere
Chitradurga,Bellary
Chitradurga,Anantapur
Chittoor,Anantapur
Chittoor,Cuddapah
Chittoor,Nellore
Chittoor,Vellore
Chittoor,Thiruvallur
Chittorgarh,Neemuch
Chittorgarh,Mandsaur
Chittorgarh,Ratlam
Chittorgarh,Pratapgarh
Chittorgarh,Udaipur
Chittorgarh,Rajsamand
Chittorgarh,Bhilwara
Chittorgarh,Bundi
Chittorgarh,Kota
Coimbatore,Tirupur
Coimbatore,Pollachi
Coimbatore,Udumalpettai
Coimbatore,Valparai
Cooch Behar,Bangladesh
Cooch Behar,Jalpaiguri
Cooch Behar,Kokrajhar
Cooch Behar,Dhubri
Cuddalore,Puthucherry
Cuddalore,Nagapatanam
Cuddalore,Ariyalur
Cuddalore,Perambalur
Cuddalore,Viluppuram
Dadra And Nagar Haveli,Anuradhapura
Dadra And Nagar Haveli,Mannar
Dadra And Nagar Haveli,Puttalam
Dahod,Panchmahal
Dahod,Vadodara
Dahod,Jhabua
Dahod,Alirajpur
Dahod,Banswara
Dakshin Dinajpur,West Dinajpur
Dakshin Dinajpur,Maldah
Dakshina Kannada,Udupi
Dakshina Kannada,Chikkamagaluru
Dakshina Kannada,Hassan
Dakshina Kannada,Kodagu
Dakshina Kannada,Kasaragod
Damoh,Sagar
Damoh,Chhatarpur
Damoh,Panna
Damoh,Katni
Damoh,Jabalpur
Damoh,Narsimhapur
"Darbhanga, Samastipur, and Madhubani","Muzaffarpur, Sitamhari, and Vaishali"
"Darbhanga, Samastipur, and Madhubani","Muzaffarpur, Sitamhari, and Vaishali"
"Darbhanga, Samastipur, and Madhubani","Darbhanga, Samastipur, and Madhubani"
"Darbhanga, Samastipur, and Madhubani",Saharsha
"Darbhanga, Samastipur, and Madhubani","Darbhanga, Samastipur, and Madhubani"
Darjeeling,West Sikkim
Darjeeling,Kishanganj
Darjeeling,Nepal
Darjeeling,South Sikkim
Darjeeling,North Dinajpur
Darjeeling,East Sikkim
Darjeeling,Jalpaiguri
Darjeeling,Bangladesh
Darrang,Udalguri
Darrang,Sonitpur
Darrang,Marigaon
Darrang,Kamrup Metropolitan
Datia,Bhind
Datia,Gwalior
Datia,Shivpuri
Datia,Jhansi
Dausa,Alwar
Dausa,Sawai Madhopur
Dausa,Bharatpur
Dausa,Karauli
Dausa,Jaipur
Davangere,Shivamogga
Davangere,Haveri
Davangere,Chitradurga
Davangere,Bellary
Dehradun,Uttarkashi
Dehradun,Tehri
Dehradun,Pauri
Dehradun,Sirmaur
Dehradun,Haridwar
Dehradun,Saharanpur
Debagarh,Sambalpur
Debagarh,Sundargarh
Debagarh,Angul
Dewas,Ujjain
Dewas,Indore
Dewas,West Nimar
Dewas,East Nimar
Dewas,Hoshangabad
Dewas,Sehore and Bhopal
Dewas,Shajapur
Dhanbad,Giridih
Dhanbad,Bokaro
Dhanbad,Dumka
Dhanbad,Purulia
Dhar,Ratlam
Dhar,Ujjain
Dhar,Indore
Dhar,Khargone
Dhar,Barwani
Dhar,Jhabua
Dharmapuri,Thiruvannamalai
Dharmapuri,Viluppuram
Dharmapuri,Salem
Dharmapuri,Krishnagiri
Dharwad,Karnataka
Dharwad,Karnataka
Dharwad,Belgaum
Dharwad,Belgaum
Dharwad,Gadag
Dharwad,Gadag
Dharwad,Haveri
Dharwad,Haveri
Dharwad,Raebareli
Dharwad,Raebareli
Dhenkanal,Keonjhar
Dhenkanal,Jajpur
Dhenkanal,Cuttack
Dhenkanal,Keonjhar
Dhenkanal,Jajpur
Dhenkanal,Cuttack
Dhenkanal,Angul
Dhenkanal,Angul
Dhubri,West Bengal
Dhubri,Bangladesh Goalpara
Dhubri,Bogaigoan
Dhubri,Garo Hills
Dhubri,Kokrajhar
Dhubri,Meghalaya
Dhule,Nashik
Dhule,Jalgaon
Dhule,Nandurbar
Lakhimpur and Dibrugarh,Dhemaji
Lakhimpur and Dibrugarh,Tinsukia
Lakhimpur and Dibrugarh,Lakhimpur
Lakhimpur and Dibrugarh,Sibsagar
Dindigul,Madurai
Dindigul,Theni
Dindigul,Tirupur
Dindigul,Karur
Dindigul,Trichi
Dindigul,Sivaganga
Dumka,Sikaripara
Dumka,Dumka
Dumka,Jama
Dumka,Jarmundi
East Delhi,North East Delhi
East Delhi,North Delhi
East Delhi,Central Delhi
East Delhi,New Delhi
East Delhi,South Delhi
East Delhi,Ghaziabad
East Delhi,Baghpat
East Godavari,Vishakhapatnam
East Godavari,Khammam
East Godavari,West Godavari
East Godavari,Malkangiri
East Khasi Hills,Ri-Bhoi
East Khasi Hills,West Khasi Hills
East Khasi Hills,Jaintia Hills
East Singhbhum,Midnapore
East Singhbhum,Purulia
East Singhbhum,West Singhbhum
East Singhbhum,Mayurbhanj
Ernakulam,Thrissur
Ernakulam,Idukki
Ernakulam,Alappuzha
Ernakulam,Kottayam
Erode,Chamarajanagar
Erode,Nilgiris
Erode,Coimbatore
Erode,Tirupur
Erode,Dharmapuri
Erode,Salem
Erode,Namakkal
Erode,Karur
Etah,Kanshiran Nagar
Etah,Farrukhabad
Etah,Mainpuri
Etah,Firozabad
Etah,Mahamaya Nagar|
Etawah,Mainpuri
Etawah,Farrukhabad
Etawah,Jalaun
Etawah,Bhind
Faizabad,Barabanki
Faizabad,Gonda
Faizabad,Basti
Faizabad,Ambedkar Nagar
Faizabad,Sultanpur
Gurgaon and Faridabad,Ballabgarh
Gurgaon and Faridabad,Palwal
Gurgaon and Faridabad,Hodal
Gurgaon and Faridabad,Hathin
Faridkot,Moga
Faridkot,Muktsar
Faridkot,Bathinda
Faridkot,Firozpur
Farrukhabad,Budaun
Farrukhabad,Shahjahanpur
Farrukhabad,Etah
Farrukhabad,Hardoi
Farrukhabad,Mainpuri
Farrukhabad,Kannauj
Fatehabad,Jind
Fatehabad,Rohtak
Fatehabad,Bhiwani
Fatehabad,Hanumangarth
Fatehpur,Unnao
Fatehpur,Kanpur Nagar
Fatehpur,"Kangra, Hamirpur, and Una"
Fatehpur,Kaushambi
Fatehpur,Chitrakut
Fatehpur,Banda
Firozabad,Etah
Firozabad,Agra
Firozabad,Etawah
Firozabad,Mainpuri
Firozpur,Moga
Firozpur,Faridkot
Firozpur,Muktsar
Firozpur,Ganganagar
Firozpur,Kapurthala
Firozpur,Amritsar
Gandhinagar,Sabarkantha
Gandhinagar,Kheda
Gandhinagar,Ahmedabad
Gandhinagar,Mahesana
Ganganagar,Hanumangarh
Ganganagar,Bikaner
Ganganagar,Bathinda
Ganganagar,Pakistan
Ganjam,Bhubaneswar
Ganjam,Nayagarh
Ganjam,Puri
Ganjam,Khordha
Ganjam,Gajapati
Ganjam,Phulabani
"Gaya, Nawada, and Aurangabad","Gaya, Nawada, and Aurangabad"
"Gaya, Nawada, and Aurangabad","Gaya, Nawada, and Aurangabad"
"Gaya, Nawada, and Aurangabad",Jahanabad
"Gaya, Nawada, and Aurangabad",Arwal
"Gaya, Nawada, and Aurangabad",Chatra
Ghazipur,Mau
Ghazipur,Azamgarh
Ghazipur,Jaunpur
Ghazipur,Varanasi
Ghazipur,Chandauli
Ghazipur,Kaimur
Ghazipur,Buxar
Ghazipur,Ballia
Giridih,Jamui
Giridih,"Gaya, Nawada, and Aurangabad"
Giridih,Debagarh
Giridih,Jamtara
Giridih,Dhanbad
Giridih,Bokaro
Giridih,Hazaribagh
Giridih,Kodarma
Goalpara,Dhubri
Goalpara,Bongaigaon
Goalpara,Barpeta
Goalpara,Kamrup Metropolitan
Godda,Dumka
Godda,Sahebganj
Godda,Bhagalpur
Gonda,Barabanki
Gonda,Sitapur
Gonda,Sravasti
Gonda,Balrampur
Gonda,Siddharthnagar
Gonda,Faizabad
Gonda,Basti
Gondia,Nagpur
Gondia,Jabalpur
Gondia,Balaghat.
Gorakhpur,Kushinagar
Gorakhpur,Deoria
Gorakhpur,Sant Kabir Nagar
Gorakhpur,Maharajganj
Gorakhpur,Ambedkar Nagar
Gorakhpur,Azamgarh
Gorakhpur,Mau
Gulbarga,Bidar
Gulbarga,Bijapur
Gulbarga,Bijapur
Gulbarga,Solapur
Gulbarga,Raichur
Gulbarga,Bidar
Gulbarga,Osmanabad
Gulbarga,Yadgir
Gulbarga,Ranga Reddy
Guna,Baran
Guna,Jhalawar
Guna,Rajgarh
Guna,Sehore and Bhopal
Guna,Vidisha
Guna,Ashoknagar
Guna,Shivpuri
Gurdaspur,Kathua
Gurdaspur,"Kangra, Hamirpur, and Una"
Gurdaspur,Kapurthala
Gurdaspur,Amritsar
Gurdaspur,Kapurthala
Gurdaspur,Pakistan
Gurgaon and Faridabad,Jhajjar
Gurgaon and Faridabad,Gurgaon and Faridabad
Gurgaon and Faridabad,Mewat
Gurgaon and Faridabad,Rewari
Gwalior,Bhind
Gwalior,Datia
Gwalior,Shivpuri
Gwalior,Sheopur
Gwalior,Morena
"Kangra, Hamirpur, and Una",Mandi
"Kangra, Hamirpur, and Una","Kangra, Hamirpur, and Una"
"Kangra, Hamirpur, and Una","Kangra, Hamirpur, and Una"
"Kangra, Hamirpur, and Una",Mandi
"Kangra, Hamirpur, and Una","Kangra, Hamirpur, and Una"
"Kangra, Hamirpur, and Una","Kangra, Hamirpur, and Una"
Hardoi,Shahjahanpur
Hardoi,Lakhimpur Kheri
Hardoi,Lucknow
Hardoi,Unnao
Hardoi,Farrukhabad
Hardoi,Sitapur
Hardoi,Kanpur Nagar
Hardoi,Kannauj
Haridwar,Pauri Garhwal
Haridwar,Dehradun
Haridwar,Muzaffarnagar
Haridwar,Pauri Garhwal
Haridwar,Nainital
Haridwar,Muzaffarnagar
Haridwar,Udham Singh Nagar
Haridwar,Bijnor
Haridwar,Meerut
Haridwar,Saharanpur
Haridwar,Jyotiba Phule Nagar
Haridwar,Moradabad
Hassan,Chikkamagaluru
Hassan,Tumkur
Hassan,Dakshina Kannada
Hassan,Kodagu
Hassan,Mysore
Hassan,Mandya
Hazaribagh,Kodarma
Hazaribagh,Chatra
Hazaribagh,Giridih
Hazaribagh,Ramgarh
Hingoli,Yavatmal
Hingoli,Jalna
Hingoli,Adilabad
Hingoli,Washim
Hingoli,Parbhani
Hingoli,Yavatmal
Hingoli,Nizamabad
Hingoli,Nanded
Hingoli,Latur
Hingoli,Parbhani
Hingoli,Bidar
Hisar,Jind
Hisar,Bhiwani
Hisar,Sirsa
Hisar,Fatehabad
Hooghly,West Midnapore
Hooghly,Nadia
Hooghly,Bardhaman
Hooghly,Kolkata
Hooghly,Parganas
Hooghly,Parganas
Hooghly,Haora
Hooghly,Bangladesh
Hoshangabad,Sehore and Bhopal
Hoshangabad,Harda
Hoshangabad,Sehore and Bhopal
Hoshangabad,Raisen
Hoshangabad,Betul
Hoshiarpur,Gurdaspur
Hoshiarpur,Kapurthala
Hoshiarpur,Jalandhar
Hoshiarpur,"Kangra, Hamirpur, and Una"
Hoshiarpur,Nawanshahr
Haora,Parganas
Haora,Parganas
Haora,Midnapore East
Hyderabad,Ranga Reddy
Idukki,Pathanamthitta
Idukki,Kottayam
Idukki,Ernakulam
Idukki,Thrissur
Idukki,Coimbature
Idukki,Dindigul
Idukki,Theni
Indore,Ujjain
Indore,Dhar
Indore,West Nimar
Indore,Dewas
Jabalpur,Katni
Jabalpur,Umaria
Jabalpur,Damoh
Jabalpur,Dindori
Jabalpur,Seoni
Jabalpur,Narsimhapur
Jabalpur,Mandla
Jagatsinghpur,Cuttack
Jagatsinghpur,Khorda
Jagatsinghpur,Puri
Jaintia Hills,North Cachar Hills
Jaintia Hills,Tamenglong
Jaintia Hills,Hailakandi
Jaintia Hills,Kolasib
Jaintia Hills,Churachandpur
Jaipur,Sikar
Jaipur,Mahendragarh
Jaipur,Alwar
Jaipur,Nagaur
Jaipur,Dausa
Jaipur,Ajmer
Jaipur,Tonk
Jaipur,Sawai Madhopur
Jajpur,Cuttack
Jajpur,Dhenkanal
Jajpur,Kendujhargarh
Jajpur,Bhadrak
Jajpur,Kendrapara
Jalandhar,Kapurthala
Jalandhar,Nawanshahr
Jalandhar,Ludhiana
Jalandhar,Firozpur
Jalandhar,Hoshiarpur
Jalaun,Jhansi
Jalaun,Etawah
Jalaun,"Kangra, Hamirpur, and Una"
Jalaun,Bhind
Jalaun,Ramabai Nagar
Jalaun,Tikamgarh
Jalaun,Guna
Jalgaon,Maharashtra
Jalgaon,Mumbai
Jalgaon,Pune
Jalgaon,Nagpur
Jalna,Jalgaon
Jalna,Parbhani
Jalna,Buldhana
Jalna,Bid
Jalna,"Gaya, Nawada, and Aurangabad"
Jalore,Barmer
Jalore,Pali
Jalore,Sirohi
Jalore,Banaskantha
Jalpaiguri,Darjeeling
Jalpaiguri,Cooch Behar
Jamnagar,Rajkot
Jamnagar,Porbhandar
Jamnagar,Junagadh
Jamui,"Gaya, Nawada, and Aurangabad"
Jamui,Shekhupura
Jamui,Luckeesarai
Jamui,Munger
Jamui,Banka
Jamui,Giridih
Jamui,Devgha
Janjgir-Champa,Raigarh
Janjgir-Champa,Bilaspur
Janjgir-Champa,Mahanadi
Janjgir-Champa,Raipur
Janjgir-Champa,Korba
Jaunpur,Sultanpur
Jaunpur,Azamgarh
Jaunpur,Pratapgarh
Jaunpur,Ghazipur
Jaunpur,Allahabad
Jaunpur,Sant Ravidas Nagar
Jaunpur,Varanasi
Jehanabad,Patna and Nalanda
Jehanabad,"Gaya, Nawada, and Aurangabad"
Jehanabad,Patna and Nalanda
Jehanabad,Arwal
Jhabua,Banswara
Jhabua,Dohad
Jhabua,Alirajpur
Jhabua,Dhar
Jhabua,Ratlam
Jhajjar,Gurgaon and Faridabad
Jhajjar,Rewari
Jhajjar,Bhiwani
Jhajjar,Rohtak
Jhalawar,Kota
Jhalawar,Baran
Jhalawar,Guna
Jhalawar,Rajgarh
Jhalawar,Shajapur
Jhalawar,Ratlam
Jhalawar,Mandsaur
Jhalawar,Neemuch
Jhansi,Jalaun
Jhansi,"Kangra, Hamirpur, and Una"
Jhansi,Mahoba
Jhansi,Tikamgarh
Jhansi,Lalitpur
Jhansi,Datia
Jhansi,Bhind
Jhun Jhunun,Sikar
Jhun Jhunun,Nagaur
Jhun Jhunun,Bikaner
Jhun Jhunun,Hanumangarh
Jhunjhunu,Churu
Jhunjhunu,Sikar
Jhunjhunu,Mahendragarh
Jhunjhunu,Bhiwani
Jodhpur,Bikaner
Jodhpur,Ajmer
Jodhpur,Naguar
Jodhpur,Pali
Jodhpur,Jaisalmer
Jorhat,Lakhimpur
Jorhat,Sibsagar
Jorhat,Golaghat
Junagadh,Rajkot
Junagadh,Porbandar
Junagadh,Amreli
Jyotiba Phule Nagar,Bijnor
Jyotiba Phule Nagar,Moradabad
Jyotiba Phule Nagar,Badaun
Cuddapah,Prakasham
Cuddapah,Nellore
Cuddapah,Chitoor
Cuddapah,Anandhapur
Cuddapah,Kurnool
Kaithal,Patiala
Kaithal,Kurukshetra
Kaithal,Jind
Kaithal,Karnal
Kalahandi,Balangir
Kalahandi,Nuapada
Kalahandi,Nabarangpur
Kalahandi,Koraput
Kalahandi,Rayagada
Kalahandi,Kandhamal
Kalahandi,Boudh
Kamrup Metropolitan,Assam
Kamrup Metropolitan,Guwahati
Kamrup Metropolitan,Kamrup Metropolitan
Kanchipuram,Chennai
Kanchipuram,Viluppuram
Kanchipuram,Thiruvannamalai
Kanchipuram,Thiruvallur
Kanchipuram,Vellore
Kandhamal,Ganjam
Kandhamal,Gajapati
Kandhamal,Rayagada
Kandhamal,Nayagarh
Kandhamal,Baudh
Kandhamal,Kalahandi
Kandhamal,Bolangir
"Kangra, Hamirpur, and Una",Chamba
"Kangra, Hamirpur, and Una",Lahul & Spiti
"Kangra, Hamirpur, and Una",Kullu
"Kangra, Hamirpur, and Una",Mandi
"Kangra, Hamirpur, and Una","Kangra, Hamirpur, and Una"
"Kangra, Hamirpur, and Una","Kangra, Hamirpur, and Una"
Kanker,Durg
Kanker,Rajnandgaon
Kanker,Gadchiroli
Kanker,Narayanpur
Kanker,Bastar
Kanker,Dhamtari
Kannauj,Farrukhabad
Kannauj,Kanpur Nagar
Kannauj,Auraiya
Kannauj,Mainpuri
Kannauj,Hardoi
Kannauj,Etawah
Kannauj,Ramabai Nagar
Kannur,Kasaragod
Kannur,Kozhikode
Kannur,Wayanad
Kannur,Kodagu
Kanpur Nagar,Hardoi
Kanpur Nagar,Kannauj
Kanpur Nagar,Fatehpur
Kanpur Nagar,"Kangra, Hamirpur, and Una"
Kanpur Nagar,Ramabai Negar
Kanpur Nagar,Unnao
Kanshi Ram Nagar,Etah
Kanshi Ram Nagar,Aligarh
Kanshi Ram Nagar,Badaun
Kanshi Ram Nagar,Farukhabad
Kanshi Ram Nagar,Mahamaya Nagar
Kanyakumari,Thiruvananthapuram
Kanyakumari,Tirunelveli
Karimganj,Hailakandi
Karimganj,Cachar
Karimganj,Mizoram
Karimganj,Tripura
Karimnagar,Adilabad
Karimnagar,Warangal
Karimnagar,Medak
Karimnagar,Nizamabad
Karimnagar,Gadchiroli
Karnal,Assandh
Karnal,Gharaunda
Karnal,Nilokheri
Karnal,Indri
Karur,Namakkal
Karur,Dindigul
Karur,Tiruchirappalli
Karur,Erode
Kasaragod,Kannur
Kasaragod,Western Ghats
Kathua,Udhampur
Kathua,Rajauri
Kathua,Kashmir
Kathua,Ladakh
Purnia and Katihar,Purnea
Purnia and Katihar,Bhagalpur
Purnia and Katihar,Sahebganj
Purnia and Katihar,Malda
Purnia and Katihar,West Dinajpur
Kavaratti,Agatti
Kavaratti,Amini
Kavaratti,Minicoy
Kavaratti,Kalpeni Andrott
Kavaratti,Keltan
Kavaratti,Chetlat
Kavaratti,Kadamat
Kavaratti,Bitra
Kavaratti,Perumal Par
Kendrapara,Jagatsingpur
Kendrapara,Cuttack
Kendrapara,Jajpur
Kendrapara,Bhadrak
Kendujhar,Sundargarh
Kendujhar,Debagarh
Kendujhar,Angul
Kendujhar,Dhenkanal
Kendujhar,Mayurbhanj
Kendujhar,Bhadrak
Kendujhar,Jaipur
Kerala,Tamil Nadu
Khagaria,Begusarai
Khagaria,"Darbhanga, Samastipur, and Madhubani"
Khagaria,Bhagalpur
Khagaria,Madhepura
Khagaria,Saharsa
Khagaria,Munger
Khammam,Dantewara
Khammam,Malkengiri
Khammam,East Godawari
Khammam,West Godawari
Khammam,Krishna
Khammam,Nalgonda
Khammam,Warangal
Khammam,Bijapur
Khandwa,Betul
Khandwa,Harda
Khandwa,Dewas
Khandwa,Khargone
Khandwa,Burhanpur
Khargone,Dhar
Khargone,Indore
Khargone,Dewas
Khargone,Khandwa
Khargone,Burhanpur
Khargone,Barwani
Kheda,Gandhinagar
Kheda,Panchmahal
Kheda,Ahmedabad
Kheda,Anand
Khordha,Jania
Khordha,Rathipur
Khordha,Dalaiput
Khordha,Argul
Khordha,Barapada
Khunti,Ranchi
Khunti,West Singhbhum
Khunti,Simdega
Khunti,Saraikela
Khunti,Gumla
Kishanganj,Darjeeling
Kishanganj,North Dinajpur
Kishanganj,Purnia and Katihar
Kishanganj,Araria
Kodagu,Dakshina Kannada
Kodagu,Hassan
Kodagu,Mysore
Kodagu,Kannur
Kodagu,Wayanad
Kokrajhar,Jalpaiguri
Kokrajhar,Chirang
Kokrajhar,Kokrajhar
Kokrajhar,Cooch Behar
Kokrajhar,Dhubri
Kokrajhar,Bongaigaon
Kolar,Bangalore
Kolar,Chikballapur
Kolar,Chittoor
Kolar,Krishnagiri
Kolar,Vellore
Kolhapur,Sangli
Kolhapur,Miraj
Kolhapur,Chikodi
Kolhapur,Belgaum
Kolhapur,Sahyadris
Kolkata,Haora
Kolkata,Parganas
Kolkata,Parganas
Kolkata,Bangladesh
Kollam,Alappuzha
Kollam,Pathanamthitta
Kollam,Tirunelveli
Kollam,Thiruvavanathapuram
Koppal,Gadag
Koppal,Bagalkot
Koppal,Raichur
Koppal,Bellary
Koraput,Malkangiri
Koraput,Rayagada
Koraput,Nabarangpur
Koraput,Kalahandi
Kordha,Nayagarh
Kordha,Dhenkanal
Kordha,Angul
Kordha,Jajpur
Kordha,Jagatsinghpur
Kordha,Puri
Kota,Baran
Kota,Bundi
Kota,Jhalawar
Kota,Chittorgarh
Kottayam,Alappuzha
Kottayam,Ernakulam
Kottayam,Idukki
Kottayam,Pathanamthitta
Kozhikode,Kannur
Kozhikode,Wayanad
Kozhikode,Malappuram
Krishna,Khammam
Krishna,West Godavari
Krishna,Guntur
Krishna,Nalgonda
Krishnagiri,Vellore
Krishnagiri,Thiruvannamalai
Krishnagiri,Karnataka
Krishnagiri,Dharmapuri
Kurnool,Mahbubnagar
Kurnool,Anantapur
Kurnool,Cuddapah
Kurnool,Praksam
Kurnool,Bellary
Kurukshetra,Ambala
Kurukshetra,Kaithal
Kurukshetra,Karnal
Kurukshetra,Yamuna Nagar
Kushinagar,"Saran, Siwan, and Gopalganj"
Kushinagar,Maharajganj
Kushinagar,Bihar
Kushinagar,Gorakhpur
Kushinagar,"Saran, Siwan, and Gopalganj"
Kushinagar,Deoria
Kushinagar,Bihar
Kushinagar,"Saran, Siwan, and Gopalganj"
Kushinagar,Ballia
Kushinagar,Champaran
Kushinagar,Mau Gorakhpur
Lakhimpur Kheri,Pilibhit
Lakhimpur Kheri,Shahjahanpur
Lakhimpur Kheri,Hardoi
Lakhimpur Kheri,Sitapur
Lakhimpur Kheri,Bahraich
Lature,Bid
Lature,Hingoli
Lature,Parbhani
Lature,Nanded
Lature,Osmanabad
Lucknow,Sitapur
Lucknow,Bahraichm Gonda
Lucknow,Faizabad
Lucknow,Sultanpur
Lucknow,Raebareli
Ludhiana,Jalandhar
Ludhiana,Firozpur
Ludhiana,Nawanshahr
Ludhiana,Rupnagar
Ludhiana,Fatehgarh Sahib
Ludhiana,Moga
Ludhiana,Sangrur
Machilipatnam,West Godavari
Machilipatnam,Guntur
Machilipatnam,East Godavari
Machilipatnam,Krishna
Madhepura,Purnia and Katihar
Madhepura,Araria
Madhepura,Saharsa
Madhepura,Khagaria
Madhepura,Bhagalpur
Madhepura,Supaul
"Darbhanga, Samastipur, and Madhubani","Darbhanga, Samastipur, and Madhubani"
"Darbhanga, Samastipur, and Madhubani",Supaul
"Darbhanga, Samastipur, and Madhubani",Sitamarhi
Madurai,Dindigul
Madurai,Sivaganga
Madurai,Virudhunagr
Madurai,Theni
Mahamaya Nagar,Mathura
Mahamaya Nagar,Aligarh
Mahamaya Nagar,Kanshiram Nagar
Mahamaya Nagar,Etah
Mahamaya Nagar,Agra
Maharajganj,Kushinagar
Maharajganj,Gorakhpur
Maharajganj,Gorakhpur
Maharajganj,Nepal
Maharajganj,Siddharthnagar
Maharajganj,Siddharthnagar
Maharajganj,Sant Kabir Nagar
Maharajganj,Sant Kabir Nagar
Maharajganj,Nepal
Maharajganj,Champaran
Mahasamund,Raigarh
Mahasamund,Bargarh
Mahasamund,Nuaparha
Mahasamund,Raipur
Mahbubnagar,Ranga Reddy
Mahbubnagar,Ranga Reddy
Mahbubnagar,Raichur
Mahbubnagar,Nalgonda
Mahbubnagar,Kurnool
Mahbubnagar,Raichur
Mahbubnagar,Prakasam
Mahbubnagar,Prakasam
Mahbubnagar,Guntur
Mahbubnagar,Kurnool
Mahbubnagar,Nalgonda
Mahendragarh,Narnaul
Mahendragarh,Rewari
Mahendragarh,Bhiwani
Mahendragarh,Jhajjar
Mainpuri,Etah
Mainpuri,Kannauj
Mainpuri,Etawah
Mainpuri,Firozabad
Mainpuri,Farrukhabad
Malappuram,Nilgiris
Malappuram,Palakkad
Malappuram,Kozhikode
Malappuram,Wayanad
Maldah,Murshidabad
Maldah,North Dinajpur
Maldah,South Dinajpur
Maldah,Santhal Parganas
Maldah,Purnea
Maldah,Bangladesh
Mandi,Shimla
Mandi,Solan
Mandi,Bilaspur
Mandi,"Kangra, Hamirpur, and Una"
Mandi,"Kangra, Hamirpur, and Una"
Mandi,Kullu
Mandla,Jabalpur
Mandla,Seoni
Mandla,Dindori
Mandla,Balaghat
Mandla,Kawardha
Mandsaur,Ratlam
Mandsaur,Neemuch
Mandsaur,Neemuch
Mandsaur,Rajasthan
Mandsaur,Pratapgarh
Mandsaur,Ratlam
Mandsaur,Chittaurgarh
Mandsaur,Kota
Mandsaur,Jhalawar
Mandya,Tumkur
Mandya,Ramanagara
Mandya,Mysore
Mandya,Hassan
Mathura,Palwal
Mathura,Mahamaya Nagar
Mathura,Agra
Mathura,Bharatpur
Mathura,Aligarh
Mau,Gorakhpur
Mau,Azamgarh
Mau,Ghazipur
Mau,Ballia
Mau,Deoria
Mayurbhanj,Medinipur
Mayurbhanj,Sinhbhum
Mayurbhanj,Balasore
Mayurbhanj,Keonjhar
Medak,Nizamabad
Medak,Ranga Reddy
Medak,Karimnagar
Medak,Warangal
Medak,Nalgonda
Medak,Bidar
Medak,Gulbarga
Meerut,Muzaffarnagar
Meerut,Bijnor
Meerut,Baghpat
Meerut,Ghaziabad
Meerut,Jyotiba Phule Nagar
Mahesana,Banaskantha
Mahesana,Patan
Mahesana,Surendranagar
Mahesana,Gandhinagar
Mahesana,Ahmedabad
Mahesana,Sabarkantha
Mirzapur,Sant Ravidas Nagar
Mirzapur,Varanasi
Mirzapur,Chandauli
Mirzapur,Sonbhadra
Mirzapur,Allahabad
Mirzapur,Rewa
Moga,Ludhiana
Moga,Sangrur
Moga,Faridkot
Moga,Firozpur
Moga,Bathinda
Moradabad,Rampur
Moradabad,Bijnor
Moradabad,Budaun
Moradabad,Jyotiba Phule Nagar
Moradabad,Rudrapur
Morena,Bhind
Morena,Gwalior
Morena,Shivpuri
Morena,Sheopur
Morena,Dhaulpur
Morena,Pinahat
Morena,Agra
Mumbai City,Mumbai Suburban
Mumbai City,Thane
Mumbai City,Raigad
Mumbai City,Raigad
Mumbai City,Pune
Munger,Bhagalpur
Munger,Banka
Munger,Khagaria
Munger,Begusarai
Munger,Luckeesarai
Munger,Jamui
Murshidabad,Malda
Murshidabad,Sahebganj
Murshidabad,Pakur
Murshidabad,Birbhum
Murshidabad,Bardhaman
Murshidabad,Nadia
Muzaffarnagar,Prabudh Nagar
Muzaffarnagar,Karnal
Muzaffarnagar,Pauri
Muzaffarnagar,Haridwar
Muzaffarnagar,Saharanpur
Muzaffarnagar,Baghpat
Muzaffarnagar,Meerut
Muzaffarnagar,Bijnor
"Muzaffarpur, Sitamhari, and Vaishali","Darbhanga, Samastipur, and Madhubani"
"Muzaffarpur, Sitamhari, and Vaishali","Darbhanga, Samastipur, and Madhubani"
"Muzaffarpur, Sitamhari, and Vaishali","Saran, Siwan, and Gopalganj"
"Muzaffarpur, Sitamhari, and Vaishali",Vaisahali
"Muzaffarpur, Sitamhari, and Vaishali",Sitamarhi
"Muzaffarpur, Sitamhari, and Vaishali",Champaran
Mysooru,Mandya
Mysooru,Bangalore
Mysooru,Dharmapuri
Mysooru,Salem
Mysooru,Erode
Mysooru,Nilgiris
Mysooru,Wayanad
Mysore,Hassan
Mysore,Kodagu
Mysore,Mandya
Mysore,Chamarajanagar
Mysore,Wayanad
Nabarangpur,Raipur
Nabarangpur,Bastar
Nabarangpur,Kalahandi
Nabarangpur,Koraput
Nadia,Parganas
Nadia,Hooghly
Nadia,Bardhaman
Nadia,Murshidabad
Nadia,Bangladesh
Nagaon,Sonitpur
Nagaon,Karbi Arblong
Nagaon,North Cachar Hills
Nagaon,Karbi Arblong
Nagaon,Golaghat
Nagaon,Marigaon
Nagapattinam,Tiruvarur
Nagapattinam,Thanjavur
Nagapattinam,Ariyalur
Nagapattinam,Cuddalore
Nagaur,Bikaner
Nagaur,Jodhpur
Nagaur,Churu
Nagaur,Barmer
Nagaur,Sikar
Nagaur,Jalore
Nagaur,Jaipur
Nagaur,Sirohi
Nagaur,Ajmer
Nagaur,Udaipur
Nagaur,Pali
Nagaur,Rajsamand
Nagaur,Jodhpur
Nagaur,Ajmer
Nagpur,Bhandara
Nagpur,Chandrapur
Nagpur,Wardha
Nagpur,Amravati
Nagpur,Chhindwara
Nainital,Almora
Nainital,Udham Singh Nagar
Nainital,Haldwani
Patna and Nalanda,Islampur
Patna and Nalanda,Sheikhpura
Patna and Nalanda,Hilsa
Patna and Nalanda,"Gaya, Nawada, and Aurangabad"
Patna and Nalanda,Harnaut
Patna and Nalanda,Jamui
Patna and Nalanda,Biharsharif
Patna and Nalanda,Kodarma
Patna and Nalanda,Asthawan
Patna and Nalanda,Jharkhand Giridih
Patna and Nalanda,Rajgir
Nalgonda,Mahbubnagar
Nalgonda,Medak
Nalgonda,Krishna
Nalgonda,Warangal
Nalgonda,Prakasam
Nalgonda,Mahbubnagar
Nalgonda,Nalgonda
Nalgonda,Guntur
Nalgonda,Krishna
Nalgonda,Khammam
Nalgonda,Ranga Reddy
Namakkal,Erode
Namakkal,Salem
Namakkal,Perambalur
Namakkal,Karur
Namakkal,Tiruchirappalli
Nandurbar,Dhule
Nandurbar,Gujarat
Nandurbar,Madhya Pradesh
Nandurbar,Narmada
Nashik,Jalgaon
Nashik,Julgaon
Nashik,"Gaya, Nawada, and Aurangabad"
Nashik,Ahmednagar
Nashik,Thane
Nashik,Pune
Nawanshahr,Jalandar
Nawanshahr,Hoshiarpur
Nawanshahr,Rupnagar
Nawanshahr,Kapurthala
Nawanshahr,Ludhiana
Nellore,Prakasam
Nellore,Chitoor
Nellore,Cuddapah
Nellore,Thiruvallur
New Delhi,South West Delhi
New Delhi,West Delhi
New Delhi,Central Delhi
New Delhi,South Delhi
New Delhi,Gurgaon and Faridabad
New Delhi,Jhajjar
Nilgiris,Chamarajanagar
Nilgiris,Malappuram
Nilgiris,Erode
Nizamabad,Adilabad
Nizamabad,Nanded
Nizamabad,Bidar
Nizamabad,Medak
Nizamabad,Karimnagar
North Delhi,North West Delhi
North Delhi,West Delhi
North Delhi,Central Delhi
North Delhi,North East Delhi
North Goa,Sindhudurg
North Goa,Kolhapur
North Goa,South Goa
North Satara,Pune
North Satara,Solapur
North Satara,Sangli
North Satara,Ratnagiri
North Satara,Raigad
Osmanabad,Solpaur
Osmanabad,Ahmednagar
Osmanabad,Bid
Osmanabad,Latur
Osmanabad,Bidar
Osmanabad,Gulbarga
Palakkad,Malappuram
Palakkad,Nilgiris
Palakkad,Coimbatore
Palakkad,Thrissur
Palamu,Chatra
Palamu,Hazaribagh
Palamu,Latehar
Palamu,Garhwa
Panchkula,Ambala
Panchkula,Mohali
Panchkula,Patiala
Panchkula,Roopnagar
Panchmahal,Dahod
Panchmahal,Vadodara
Panchmahal,Kheda
Panchmahal,Sabarkantha
Panchmahal,Banswara
Panchsheel Nagar,Meerut
Panchsheel Nagar,Ghaziabad
Panna,Damoh
Panna,Sagar
Panna,Tikamgarh
Parbhani,Hingoli
Parbhani,Nanded
Parbhani,Latur
Parbhani,Bid
Parbhani,Jalna
Parsa,Royal Chitawan
Parsa,Nirmalbasti
Parsa,Piparasimara
Medinipur,Bankura
Medinipur,Hooghly
Medinipur,East Singhbhum
Medinipur,Haora
Medinipur,Mayurbhanj
Medinipur,Balasore
Medinipur,East Midnapore
Patan,Banaskantha
Patan,Mahesana
Patan,Surendranagar
Patan,Kachchh
Patan,Rann Of Kutch
Pathanamthitta,Kottayam
Pathanamthitta,Idukki
Pathanamthitta,Alappuzha
Pathanamthitta,Tirunelveli
Pathanamthitta,Kollam
Patiala,Fatehgarh Sahib
Patiala,Rupnagar
Patiala,Mohali
Patiala,Sangrur
Patiala,Ambala
Patiala,Kurukshetra
Patiala,Kaithal
Perambalur,Tiruchirappalli
Perambalur,Ariyalur
Perambalur,Cuddalore
Perambalur,Viluppuram
Perambalur,Salem
Pilibhit,Kheri
Pilibhit,Bareilly
Pilibhit,Shahjahanpur
Porbandar,Jamnagar
Porbandar,Rajkot
Porbandar,Junagadh
Champaran,"Saran, Siwan, and Gopalganj"
Champaran,"Saran, Siwan, and Gopalganj"
Champaran,Deoria
Champaran,Kushinagar
Champaran,Champaran
Prabudh Nagar,Karnal
Prabudh Nagar,Panipat
Prabudh Nagar,Baghpat
Prabudh Nagar,Baraut
Prabudh Nagar,Muzaffarnagar
Prabudh Nagar,Saharanpur
Prakasam,Guntur
Prakasam,Mahbubnagar
Prakasam,Cuddapah
Prakasam,Nellore
Prakasam,Kurnool
Pratapgarh,Sultanpur
Pratapgarh,Allahabad
Pratapgarh,Jaunpur
Pratapgarh,Fatehpur
Pratapgarh,Raebareli
Pudukkottai,Sivagangai
Pudukkottai,Tiruchirappalli
Pudukkottai,Tanjavur
Pudukkottai,Ramanathapuram
Pune,Solapur
Pune,Satara
Pune,Raigarh
Pune,Thane
Pune,Ahmednagar
Pupri,Nanpur
Pupri,Bajpatti
Pupri,Jaynagar
Pupri,"Darbhanga, Samastipur, and Madhubani"
Pupri,Benipatti
Pupri,Sitamarhi
Medinipur,Haora
Medinipur,West Midnapore
Medinipur,Parganas
Medinipur,Balasore
Puri,Jagatsinghpur
Puri,Cuttack
Puri,Khordha
Puri,Ganjam
Purnia and Katihar,Araria
Purnia and Katihar,Purnia and Katihar
Purnia and Katihar,Madhepura
Purnia and Katihar,West Dinajpur
Purulia,Bardhaman
Purulia,Bankura
Purulia,West Midnapore
Purulia,Bokaro
Purulia,Ramgarh
Purulia,Ranchi
Purulia,Seraikela-kharsawan
Purulia,East Singhbhum
Purulia,Dhanbad
Champaran,Nepal
Champaran,"Muzaffarpur, Sitamhari, and Vaishali"
Champaran,Sheohar
Champaran,Sitamarhi
Champaran,Champaran
Champaran,Gopal
Raebareli,Unnao
Raebareli,Fatehpur
Raebareli,Barabanki
Raebareli,Sultanpur
Raebareli,Pratapgarh
Raichur,Yadgir
Raichur,Bijapur
Raichur,Bagalkot
Raichur,Koppal
Raichur,Bellary
Raichur,Mahbubnagar
Raichur,Kurnool
Raigad,Thane
Raigad,Pune
Raigad,Ratnagiri
Raigarh,Janjgir-Champa
Raigarh,Korba
Raigarh,Bilaspur
Raigarh,Mahasamund
Raigarh,District
Raipur,Bilaspur
Raipur,Bastar
Raipur,Raigarh
Raipur,Durg
Raisen,Sehore and Bhopal
Raisen,Vidisha
Raisen,Sagar
Raisen,Narsimhapur
Raisen,Hoshangabad
Raisen,Sehore and Bhopal
Rajgarh,Sehore and Bhopal
Rajgarh,Guna
Rajgarh,Sehore and Bhopal
Rajgarh,Shajapur
Rajkot,Kachchh
Rajkot,Bhavnagar
Rajkot,Junagadh
Rajkot,Jamnagar
Rajnandgaon,Kawardha
Rajnandgaon,Balaghat
Rajnandgaon,Gondia
Rajnandgaon,Gadchiroli
Rajnandgaon,Kanker
Rajnandgaon,Durg
Ramanagara,Tumkur
Ramanagara,Bangalore
Ramanagara,Mandya
Ramanagara,Chamrajnagar
Ramanagara,Krishnagiri
Ramanathapuram,Sivaganga
Ramanathapuram,Pudukkottai
Ramanathapuram,Virudhunagar
Ramanathapuram,Thoothukudi
Rampur,Udham Singh Nagar
Rampur,Bareilly
Rampur,Budaun
Rampur,Moradabad
Ranchi,Khunti
Ranchi,Gumla
Ranchi,Ramgarh
Ranchi,Lohardaga
Ranchi,Latehar
Ranchi,Seraikela-Kharsawan
Ranga Reddy,Gulbarga
Ranga Reddy,Medak
Ranga Reddy,Nalgonda
Ranga Reddy,Mahbubnagar
Ranga Reddy,Hyderabad
Ratnagiri,Kolhapur
Ratnagiri,Satara
Ratnagiri,Sangli
Ratnagiri,Raigad
Ratnagiri,Sindhudurg
Rewa,Sidhi
Rewa,Satna
Rewa,Chitrakoot
Rewa,Allahabad
Rewa,Mirzapur
Rewa,Singrauli
Rewa,Sidhi
Robertganj,Mirzapur
Robertganj,Chandoli
Robertganj,Kaimur
Robertganj,Bihar
Robertganj,Bhojpur and Rohtas
Rohtak,Jind
Rohtak,Sonipat
Rohtak,Jhajjar
Rohtak,Hissar
Rohtak,Sirsa
Rohtak,Bhiwani
Bhojpur and Rohtas,Khaimur (Bhabua)
Bhojpur and Rohtas,Auarangabad
Bhojpur and Rohtas,Buxar
Bhojpur and Rohtas,Bhojpur and Rohtas
Bhojpur and Rohtas,Jahanabad
Sabarkantha,Banaskantha
Sabarkantha,Panchmahal
Sabarkantha,Kheda
Sabarkantha,Gandhinagar
Sabarkantha,Mahesana
Sagar,Chhatarpur
Sagar,Damoh
Sagar,Narsinghpur
Sagar,Raisen
Sagar,Vidisha
Saharanpur,Bijnor
Saharanpur,Muzaffarnagar
Saharanpur,Haridwar
Saharanpur,Kamal
Saharanpur,Yamuna Nagar
Saharsa,"Darbhanga, Samastipur, and Madhubani"
Saharsa,Supaul
Saharsa,Madhepura
Saharsa,Khagaria
Saharsa,"Darbhanga, Samastipur, and Madhubani"
Sahibganj,Purnia and Katihar
Sahibganj,Godda
Sahibganj,Malda
Sahibganj,Murshidabad
Sahibganj,Bhagalpur
Salem,Attur
Salem,Edappadi
Salem,Gangavalli
Salem,Mettur
Salem,Omalur
Salem,Sangagiri
Salem,Valapady
Salem,Yercaud
"Darbhanga, Samastipur, and Madhubani","Muzaffarpur, Sitamhari, and Vaishali"
"Darbhanga, Samastipur, and Madhubani","Darbhanga, Samastipur, and Madhubani"
"Darbhanga, Samastipur, and Madhubani","Muzaffarpur, Sitamhari, and Vaishali"
"Darbhanga, Samastipur, and Madhubani",Patna and Nalanda
"Darbhanga, Samastipur, and Madhubani",Begusarai
"Darbhanga, Samastipur, and Madhubani",Khagaria
Sambalpur,Debagarh
Sambalpur,Bargarh
Sambalpur,Jharsuguda
Sambalpur,Sundergarh
Sambalpur,Subarnapur
Sambalpur,Angul
Sangli,Ratnagiri
Sangli,Satara
Sangli,Solapur
Sangli,Kolhapur
Sangli,Belagavi
Sangli,Bijapur
Sangrur,Ludhiana
Sangrur,Barnala
Sangrur,Mansa
Sangrur,Fatehabad
Sangrur,Jind
Sangrur,Patiala
Sangrur,Fatehgarh Sahib
Sant Kabir Nagar,Siddharthnagar
Sant Kabir Nagar,Maharajganj
Sant Kabir Nagar,Gorakhpur
Sant Kabir Nagar,Ambedkar Nagar
Sant Kabir Nagar,Basti
"Saran, Siwan, and Gopalganj","Saran, Siwan, and Gopalganj"
"Saran, Siwan, and Gopalganj",Ballia
"Saran, Siwan, and Gopalganj","Saran, Siwan, and Gopalganj"
"Saran, Siwan, and Gopalganj",Bhojpur and Rohtas
"Saran, Siwan, and Gopalganj","Muzaffarpur, Sitamhari, and Vaishali"
"Saran, Siwan, and Gopalganj","Muzaffarpur, Sitamhari, and Vaishali"
"Saran, Siwan, and Gopalganj",Patna and Nalanda
Satara,Pune
Satara,Raigad
Satara,Solapur
Satara,Sangli
Satara,Ratnagiri
Satna,Banda
Satna,Chitrakoot
Satna,Rewa
Satna,Panna
Satna,Sidhi
Satna,Katni
Satna,Umaria
Satna,Shahdol
Sawai Madhopur,Jaipur
Sawai Madhopur,Dausa
Sawai Madhopur,Karauli
Sawai Madhopur,Tonk
Sawai Madhopur,Bundi
Sawai Madhopur,Kota
Sawai Madhopur,Sheopur
Sehore and Bhopal,Sehore and Bhopal
Sehore and Bhopal,Raisen
Sehore and Bhopal,Hussainabad
Sehore and Bhopal,Dewas
Sehore and Bhopal,Shajapur
Sehore and Bhopal,Rajgarh
Seoni,Chhindwara
Seoni,Balaghat
Seoni,Gondia
Shahabad,Bhojpur and Rohtas
Shahabad,Bhojpur and Rohtas
Shahabad,Buxar
Shahdol,Dindori
Shahdol,Satna
Shahdol,Sidhi
Shahdol,Umaria
Shahdol,Anuppur
Shahdol,Rewa
Shahjahanpur,Lakhimpur Kheri
Shahjahanpur,Hardoi
Shahjahanpur,Farrukhabad
Shahjahanpur,Bareilly
Shahjahanpur,Budaun
Shahjahanpur,Pilibhit
Shajapur,Ujjain
Shajapur,Dewas
Shajapur,Rajgarh
Shajapur,Jhalawar
Sheohar,Sitamarhi
Sheohar,Champaran
Sheohar,Champaran
Shimla,Solan
Shimla,Bilaspur
Shimla,Mandi
Shimla,Nahan
Shimla,Reckong Peo
Shimla,Uttarkashi
Shimoga,Haveri
Shimoga,Davangere
Shimoga,Chikkamagaluru
Shimoga,Udupi
Shimoga,Uttara Kannada
Shivpuri,Morena
Shivpuri,Gwalior
Shivpuri,Datia
Shivpuri,Jhansi
Shivpuri,Kota
Shivpuri,Guna
Siddharthnagar,Balrampur
Siddharthnagar,Gonda
Siddharthnagar,Basti
Siddharthnagar,Maharajganj
Siddharthnagar,Gorakhpur
Siddharthnagar,Sant Kabir Nagar
Sidhi,Rewa
Sidhi,Singrauli
Sidhi,Satna
Sidhi,Rewa
Sidhi,Shahdol
Sidhi,Satna
Sidhi,Shahdol
Sidhi,Koriya
Sikar,Jhunjhunu
Sikar,Churu
Sikar,Nagaur
Sikar,Jaipur
Sikar,Mahendragarh
Singhbhum,East Singhbhum
Singhbhum,West Singhbhum
Singhbhum,Saraikela Kharsawan
Sirmaur,Solan
Sirmaur,Shimla
Sirmaur,Dehradun
Sirmaur,Ambala
Sirmaur,Yamunanagar
Sirmaur,Saharanpur
Sirmaur,Panchkula
Sirsa,Faridkot
Sirsa,Bhatinda
Sirsa,Ganganagar
Sirsa,Hissar
Sitamarhi,Riga
Sitamarhi,Bathnala
Sitamarhi,Parihar
Sitamarhi,Sursand
Sitamarhi,Bajpatti
Sitamarhi,Sitamarhi
Sitamarhi,Runnisaidpur
Sitamarhi,Belsand
Sitapur,Lakhimpur Kheri
Sitapur,Bahraich
Sitapur,Barabanki
Sitapur,Lucknow
Sitapur,Hardoi
Sivaganga,Ramanathapuram
Sivaganga,Virudhunagar
Sivaganga,Dindigul
Sivaganga,Madurai
Sivaganga,Tiruchirappalli
Sivaganga,Pudukkottai
"Saran, Siwan, and Gopalganj","Saran, Siwan, and Gopalganj"
"Saran, Siwan, and Gopalganj","Saran, Siwan, and Gopalganj"
"Saran, Siwan, and Gopalganj",Ballia
Solapur,Sangli
Solapur,Ahmednagar
Solapur,Satara
Solapur,Osmanabad
Solapur,Pune
Solapur,Pune
Solapur,Ahmednagar
Solapur,Satara
Solapur,Osmanabad
Solapur,Sangli
Solapur,Vijayapur
Solapur,Kalburgi
Sonbhadra,Mirzapur
Sonbhadra,Chandoli
Sonbhadra,Kaimur
Sonbhadra,Bhojpur and Rohtas
Sonbhadra,Garhwa
Sonbhadra,Koriya
Sonbhadra,Surguja
Sonbhadra,Singrauli
Sonipat,Panipat
Sonipat,Jind
Sonipat,Rohtak
Sonitpur,Darrang
Sonitpur,Nagaon
Sonitpur,Golaghat
Sonitpur,Jorhat
Sonitpur,Lakhimpur
Parganas,Haora
Parganas,Parganas
Parganas,Medinipur
Parganas,Medinipur
South Delhi,New Delhi
South Delhi,Gurgaon and Faridabad
South Delhi,Gurgaon and Faridabad
South Delhi,South West Delhi
Srikakulam,Vizianagarm
Srikakulam,Gajapati
Srikakulam,Ganjam
Srinagar,Baramulla
Srinagar,Kargil
Srinagar,Anatnag
Srinagar,Punch
Srinagar,Budgam
Srivilliputtur,Aruppukkottai
Srivilliputtur,Kariapatti
Srivilliputtur,Rajapalayam
Srivilliputtur,Sattur
Srivilliputtur,Sivakasi
Srivilliputtur,Tiruchuli
Sultanpur,Pratapgarh
Sultanpur,Rae Barelli
Sultanpur,Barabanki
Sultanpur,Faizabad
Sultanpur,Ambedkar Nagar
Sultanpur,Azamgarh
Sultanpur,Jaunpur
Sundergarh,Raigarh
Sundergarh,Jashpur
Sundergarh,Simdega
Sundergarh,West Singhbhum
Sundergarh,Keonjhar
Sundergarh,Jharsuguda
Sundergarh,Sambalpur
Sundergarh,Debagarh
Surat and Valsad,Baruch
Surat and Valsad,Narmada
Surat and Valsad,Tapti
Surat and Valsad,Navsari
Surendranagar,Kachchh
Surendranagar,Rajkot
Surendranagar,Bhavnagar
Surendranagar,Ahmedabad
Surguja,Sidhi
Surguja,Bilaspur
Surguja,Surguja
Surguja,Shahdol
Tehri Garhwal,Uttarkashi
Tehri Garhwal,Pauri Garhwal
Tehri Garhwal,Rudraprayag
Tehri Garhwal,Dehradun
Thane,Pune
Thane,Ahmednagar
Thane,Nashik
Thane,Valsad
Thane,Dadra And Nagar Haveli
Thane,Mumbai City
Thane,Mumbai Suburban
Thane,Raigad
Thanjavur,Tiruchirappalli
Thanjavur,Ariyalur
Thanjavur,Nagapattinam
Thanjavur,Pudukkottai
Thanjavur,Thiruvarur
Theni,Dindigul
Theni,Madurai
Theni,Virudhunager
Thiruvananthapuram,Kollam
Thiruvananthapuram,Tirunelveli
Thiruvananthapuram,Kanyakumari
Thiruvannamalai,Vellore
Thiruvannamalai,Kanchipuram
Thiruvannamalai,Villupuram
Thiruvannamalai,Dharmapuri
Thiruvannamalai,Krishnagiri
Thoothukudi,Virudhunagar
Thoothukudi,Ramanathapuram
Thoothukudi,Tirunelveli
Thrissur,Palakkad
Thrissur,Coimbatore
Thrissur,Ernakulam
Thrissur,Malappuram
Tikamgarh,Chhatarpur
Tikamgarh,Lalitpur
Tikamgarh,Jhansi
Tiruchirappalli,Namakkal
Tiruchirappalli,Salem
Tiruchirappalli,Perambalur
Tiruchirappalli,Ariyalur
Tiruchirappalli,Karur
Tiruchirappalli,Thanjavur
Tiruchirappalli,Dindigul
Tiruchirappalli,Madurai
Tiruchirappalli,Sivaganga
Tiruchirappalli,Pudukkottai
Tirunelveli,Virudhunagar
Tirunelveli,The Western Ghats
Tirunelveli,Kanyakumari
Tirunelveli,Thoothukudi
Tirupur,Idukki
Tirupur,Karur
Tirupur,Dingigul
Tirupur,Coimbatore
Tirupur,Erode
Tirupur,Coimbatore
Tirupur,Erode
Tirupur,Karur
Tirupur,Dindigul
Thiruvallur,Vellore
Thiruvallur,Chennai
Thiruvallur,Kanchipuram
Thiruvallur,Chittoor
Thiruvannamalai,Vellore
Thiruvannamalai,Vellore
Thiruvannamalai,Kanchipuram
Thiruvannamalai,Krishnagiri
Thiruvannamalai,Villupuram
Thiruvannamalai,Dharmapuri
Thiruvannamalai,Dharmapuri
Thiruvannamalai,Viluppuram
Thiruvannamalai,Krishnagiri
Thiruvannamalai,Kanchipuram
Tonk,Jaipur
Tonk,Sawai Madhopur
Tonk,Kota
Tonk,Bundi
Tonk,Bhilwara
Tonk,Ajmer
Tumkur,Chitradurga
Tumkur,Chikkamagaluru
Tumkur,Hassan
Tumkur,Mandya
Tumkur,Ramanagara
Tumkur,Bangalore
Tumkur,Chikkaballapura
Tumkur,Anantapur
Udaipur,Sirohi
Udaipur,Pali
Udaipur,Rajsamand
Udaipur,Chittaurgarh
Udaipur,Banswara
Udaipur,Dungarpur
Udhampur,Ramban
Udhampur,Reasi
Udhampur,Jammu
Udhampur,Samba
Udhampur,Kathua
Udhampur,Doda
Udupi,Uttara Kannada
Udupi,Uttara Kannada
Udupi,Dakshina Kannada
Udupi,Dakshina Kannada
Udupi,Shivamogga
Udupi,Shivamogga
Udupi,Chikamagalur
Udupi,Chikamagalur
Ujjain,Indor
Ujjain,Dhar
Ujjain,Ratlam
Ujjain,Shajapur
Ujjain,Dewas
"Kangra, Hamirpur, and Una","Kangra, Hamirpur, and Una"
"Kangra, Hamirpur, and Una","Kangra, Hamirpur, and Una"
"Kangra, Hamirpur, and Una",Hoshiarpur
Unnao,Kanpur Nagar
Unnao,Hardoi
Unnao,Lucknow
Unnao,Raebareli
Unnao,Fatehpur
West Dinajpur,Panchagarh
West Dinajpur,Thakurgaon
West Dinajpur,Dinajpur
West Dinajpur,Kishanganj
West Dinajpur,Purnia and Katihar
West Dinajpur,Purnia and Katihar
West Dinajpur,Darjeeling
West Dinajpur,Jalpaiguri
West Dinajpur,Malda
West Dinajpur,Dakshin Dinajpur
Vadodara,Panchmahal
Vadodara,Alirajpur
Vadodara,Narmada
Vadodara,Anand
"Muzaffarpur, Sitamhari, and Vaishali","Muzaffarpur, Sitamhari, and Vaishali"
"Muzaffarpur, Sitamhari, and Vaishali","Saran, Siwan, and Gopalganj"
"Muzaffarpur, Sitamhari, and Vaishali",Patna and Nalanda
"Muzaffarpur, Sitamhari, and Vaishali","Darbhanga, Samastipur, and Madhubani"
Valsad,Anand
Valsad,Dahod
Valsad,Narmada
Valsad,Navsari
Valsad,Porbandar
Varanasi,Jaunpur
Varanasi,Ghazipur
Varanasi,Sant Ravidas Nagar
Varanasi,Chandauli
Varanasi,Mirzapur
Vellore,Thiruvallur
Vellore,Kanchipuram
Vellore,Thiruvannamalai
Vellore,Krishnagiri
Vidisha,Ashoknagar
Vidisha,Sagar
Vidisha,Raisen
Vidisha,Sehore and Bhopal
Vidisha,Guna
Viluppuram,Salem
Viluppuram,Dharmapuri
Viluppuram,Cuddalore
Viluppuram,Perambalur
Viluppuram,Thiruvannamalai
Viluppuram,Pondicherry
Virudhunagar,Theni
Virudhunagar,Madurai
Virudhunagar,Sivaganga
Virudhunagar,Ramanathapuram
Virudhunagar,Thoothukudi
Virudhunagar,Tirunelveli
Virudhunagar,Idukki
Visakhapatnam,East Godavari
Visakhapatnam,Malkangiri
Visakhapatnam,Koraput
Visakhapatnam,Vizianagaram
Vizianagaram,Srikakulam
Vizianagaram,Visakhapatnam
Vizianagaram,Koraput
Warangal,Karimnagar
Warangal,Bijapur
Warangal,Chhattisgarh
Warangal,Medak
Warangal,Nalgonda
Wardha,Chindwada
Wardha,Seoni
Wardha,Bhandara
Wardha,Chanda
Wardha,Nagpur
Washim,Akola
Washim,Amravati
Washim,Buldhana
Washim,Hingoli
Washim,Yavatmal
Champaran,Maharajganj
Champaran,Nepal
Champaran,Kushinagar
Champaran,"Saran, Siwan, and Gopalganj"
Champaran,Champaran
West Garo Hills,East Garo Hills
West Garo Hills,South Garo Hills
West Garo Hills,Goalpara
West Garo Hills,Bangladesh
West Godavari,Khammam
West Godavari,East Godavari
West Godavari,Krishna
Yadgir,Abbe Tumkar
Yadgir,Khanapur
Bilaspur,Dhamtara
Janjgir-Champa,Dhamtara
Mahasamund,Dhamtara
Nabarangpur,Dhamtara
Dhamtara,Bilaspur
Dhamtara,Bastar
Dhamtara,Raigarh
Dhamtara,Durg
